--
-- PostgreSQL database dump
--

-- Dumped from database version 16.8 (Debian 16.8-1.pgdg120+1)
-- Dumped by pg_dump version 17.4

SET statement_timeout = 0;
SET lock_timeout = 0;
SET idle_in_transaction_session_timeout = 0;
SET transaction_timeout = 0;
SET client_encoding = 'UTF8';
SET standard_conforming_strings = on;
SELECT pg_catalog.set_config('search_path', '', false);
SET check_function_bodies = false;
SET xmloption = content;
SET client_min_messages = warning;
SET row_security = off;

--
-- Name: public; Type: SCHEMA; Schema: -; Owner: petheaven_db_user
--

-- *not* creating schema, since initdb creates it


ALTER SCHEMA public OWNER TO petheaven_db_user;

--
-- Name: SCHEMA public; Type: COMMENT; Schema: -; Owner: petheaven_db_user
--

COMMENT ON SCHEMA public IS '';


SET default_tablespace = '';

SET default_table_access_method = heap;

--
-- Name: auth_group; Type: TABLE; Schema: public; Owner: petheaven_db_user
--

CREATE TABLE public.auth_group (
    id integer NOT NULL,
    name character varying(150) NOT NULL
);


ALTER TABLE public.auth_group OWNER TO petheaven_db_user;

--
-- Name: auth_group_id_seq; Type: SEQUENCE; Schema: public; Owner: petheaven_db_user
--

ALTER TABLE public.auth_group ALTER COLUMN id ADD GENERATED BY DEFAULT AS IDENTITY (
    SEQUENCE NAME public.auth_group_id_seq
    START WITH 1
    INCREMENT BY 1
    NO MINVALUE
    NO MAXVALUE
    CACHE 1
);


--
-- Name: auth_group_permissions; Type: TABLE; Schema: public; Owner: petheaven_db_user
--

CREATE TABLE public.auth_group_permissions (
    id bigint NOT NULL,
    group_id integer NOT NULL,
    permission_id integer NOT NULL
);


ALTER TABLE public.auth_group_permissions OWNER TO petheaven_db_user;

--
-- Name: auth_group_permissions_id_seq; Type: SEQUENCE; Schema: public; Owner: petheaven_db_user
--

ALTER TABLE public.auth_group_permissions ALTER COLUMN id ADD GENERATED BY DEFAULT AS IDENTITY (
    SEQUENCE NAME public.auth_group_permissions_id_seq
    START WITH 1
    INCREMENT BY 1
    NO MINVALUE
    NO MAXVALUE
    CACHE 1
);


--
-- Name: auth_permission; Type: TABLE; Schema: public; Owner: petheaven_db_user
--

CREATE TABLE public.auth_permission (
    id integer NOT NULL,
    name character varying(255) NOT NULL,
    content_type_id integer NOT NULL,
    codename character varying(100) NOT NULL
);


ALTER TABLE public.auth_permission OWNER TO petheaven_db_user;

--
-- Name: auth_permission_id_seq; Type: SEQUENCE; Schema: public; Owner: petheaven_db_user
--

ALTER TABLE public.auth_permission ALTER COLUMN id ADD GENERATED BY DEFAULT AS IDENTITY (
    SEQUENCE NAME public.auth_permission_id_seq
    START WITH 1
    INCREMENT BY 1
    NO MINVALUE
    NO MAXVALUE
    CACHE 1
);


--
-- Name: auth_user; Type: TABLE; Schema: public; Owner: petheaven_db_user
--

CREATE TABLE public.auth_user (
    id integer NOT NULL,
    password character varying(128) NOT NULL,
    last_login timestamp with time zone,
    is_superuser boolean NOT NULL,
    username character varying(150) NOT NULL,
    first_name character varying(150) NOT NULL,
    last_name character varying(150) NOT NULL,
    email character varying(254) NOT NULL,
    is_staff boolean NOT NULL,
    is_active boolean NOT NULL,
    date_joined timestamp with time zone NOT NULL
);


ALTER TABLE public.auth_user OWNER TO petheaven_db_user;

--
-- Name: auth_user_groups; Type: TABLE; Schema: public; Owner: petheaven_db_user
--

CREATE TABLE public.auth_user_groups (
    id bigint NOT NULL,
    user_id integer NOT NULL,
    group_id integer NOT NULL
);


ALTER TABLE public.auth_user_groups OWNER TO petheaven_db_user;

--
-- Name: auth_user_groups_id_seq; Type: SEQUENCE; Schema: public; Owner: petheaven_db_user
--

ALTER TABLE public.auth_user_groups ALTER COLUMN id ADD GENERATED BY DEFAULT AS IDENTITY (
    SEQUENCE NAME public.auth_user_groups_id_seq
    START WITH 1
    INCREMENT BY 1
    NO MINVALUE
    NO MAXVALUE
    CACHE 1
);


--
-- Name: auth_user_id_seq; Type: SEQUENCE; Schema: public; Owner: petheaven_db_user
--

ALTER TABLE public.auth_user ALTER COLUMN id ADD GENERATED BY DEFAULT AS IDENTITY (
    SEQUENCE NAME public.auth_user_id_seq
    START WITH 1
    INCREMENT BY 1
    NO MINVALUE
    NO MAXVALUE
    CACHE 1
);


--
-- Name: auth_user_user_permissions; Type: TABLE; Schema: public; Owner: petheaven_db_user
--

CREATE TABLE public.auth_user_user_permissions (
    id bigint NOT NULL,
    user_id integer NOT NULL,
    permission_id integer NOT NULL
);


ALTER TABLE public.auth_user_user_permissions OWNER TO petheaven_db_user;

--
-- Name: auth_user_user_permissions_id_seq; Type: SEQUENCE; Schema: public; Owner: petheaven_db_user
--

ALTER TABLE public.auth_user_user_permissions ALTER COLUMN id ADD GENERATED BY DEFAULT AS IDENTITY (
    SEQUENCE NAME public.auth_user_user_permissions_id_seq
    START WITH 1
    INCREMENT BY 1
    NO MINVALUE
    NO MAXVALUE
    CACHE 1
);


--
-- Name: blog_blogpost; Type: TABLE; Schema: public; Owner: petheaven_db_user
--

CREATE TABLE public.blog_blogpost (
    id bigint NOT NULL,
    title character varying(100) NOT NULL,
    slug character varying(100) NOT NULL,
    content text NOT NULL,
    featured_image character varying(100) NOT NULL,
    created_at timestamp with time zone NOT NULL,
    updated_at timestamp with time zone NOT NULL,
    published_at timestamp with time zone,
    status character varying(10) NOT NULL,
    seo_title character varying(70) NOT NULL,
    seo_description text NOT NULL,
    seo_canonical character varying(300),
    category_id bigint NOT NULL
);


ALTER TABLE public.blog_blogpost OWNER TO petheaven_db_user;

--
-- Name: blog_blogpost_id_seq; Type: SEQUENCE; Schema: public; Owner: petheaven_db_user
--

ALTER TABLE public.blog_blogpost ALTER COLUMN id ADD GENERATED BY DEFAULT AS IDENTITY (
    SEQUENCE NAME public.blog_blogpost_id_seq
    START WITH 1
    INCREMENT BY 1
    NO MINVALUE
    NO MAXVALUE
    CACHE 1
);


--
-- Name: blog_category; Type: TABLE; Schema: public; Owner: petheaven_db_user
--

CREATE TABLE public.blog_category (
    id bigint NOT NULL,
    name character varying(100) NOT NULL
);


ALTER TABLE public.blog_category OWNER TO petheaven_db_user;

--
-- Name: blog_category_id_seq; Type: SEQUENCE; Schema: public; Owner: petheaven_db_user
--

ALTER TABLE public.blog_category ALTER COLUMN id ADD GENERATED BY DEFAULT AS IDENTITY (
    SEQUENCE NAME public.blog_category_id_seq
    START WITH 1
    INCREMENT BY 1
    NO MINVALUE
    NO MAXVALUE
    CACHE 1
);


--
-- Name: blog_comment; Type: TABLE; Schema: public; Owner: petheaven_db_user
--

CREATE TABLE public.blog_comment (
    id bigint NOT NULL,
    author character varying(100) NOT NULL,
    body text NOT NULL,
    created_on timestamp with time zone NOT NULL,
    post_id bigint NOT NULL
);


ALTER TABLE public.blog_comment OWNER TO petheaven_db_user;

--
-- Name: blog_comment_id_seq; Type: SEQUENCE; Schema: public; Owner: petheaven_db_user
--

ALTER TABLE public.blog_comment ALTER COLUMN id ADD GENERATED BY DEFAULT AS IDENTITY (
    SEQUENCE NAME public.blog_comment_id_seq
    START WITH 1
    INCREMENT BY 1
    NO MINVALUE
    NO MAXVALUE
    CACHE 1
);


--
-- Name: django_admin_log; Type: TABLE; Schema: public; Owner: petheaven_db_user
--

CREATE TABLE public.django_admin_log (
    id integer NOT NULL,
    action_time timestamp with time zone NOT NULL,
    object_id text,
    object_repr character varying(200) NOT NULL,
    action_flag smallint NOT NULL,
    change_message text NOT NULL,
    content_type_id integer,
    user_id integer NOT NULL,
    CONSTRAINT django_admin_log_action_flag_check CHECK ((action_flag >= 0))
);


ALTER TABLE public.django_admin_log OWNER TO petheaven_db_user;

--
-- Name: django_admin_log_id_seq; Type: SEQUENCE; Schema: public; Owner: petheaven_db_user
--

ALTER TABLE public.django_admin_log ALTER COLUMN id ADD GENERATED BY DEFAULT AS IDENTITY (
    SEQUENCE NAME public.django_admin_log_id_seq
    START WITH 1
    INCREMENT BY 1
    NO MINVALUE
    NO MAXVALUE
    CACHE 1
);


--
-- Name: django_content_type; Type: TABLE; Schema: public; Owner: petheaven_db_user
--

CREATE TABLE public.django_content_type (
    id integer NOT NULL,
    app_label character varying(100) NOT NULL,
    model character varying(100) NOT NULL
);


ALTER TABLE public.django_content_type OWNER TO petheaven_db_user;

--
-- Name: django_content_type_id_seq; Type: SEQUENCE; Schema: public; Owner: petheaven_db_user
--

ALTER TABLE public.django_content_type ALTER COLUMN id ADD GENERATED BY DEFAULT AS IDENTITY (
    SEQUENCE NAME public.django_content_type_id_seq
    START WITH 1
    INCREMENT BY 1
    NO MINVALUE
    NO MAXVALUE
    CACHE 1
);


--
-- Name: django_migrations; Type: TABLE; Schema: public; Owner: petheaven_db_user
--

CREATE TABLE public.django_migrations (
    id bigint NOT NULL,
    app character varying(255) NOT NULL,
    name character varying(255) NOT NULL,
    applied timestamp with time zone NOT NULL
);


ALTER TABLE public.django_migrations OWNER TO petheaven_db_user;

--
-- Name: django_migrations_id_seq; Type: SEQUENCE; Schema: public; Owner: petheaven_db_user
--

ALTER TABLE public.django_migrations ALTER COLUMN id ADD GENERATED BY DEFAULT AS IDENTITY (
    SEQUENCE NAME public.django_migrations_id_seq
    START WITH 1
    INCREMENT BY 1
    NO MINVALUE
    NO MAXVALUE
    CACHE 1
);


--
-- Name: django_session; Type: TABLE; Schema: public; Owner: petheaven_db_user
--

CREATE TABLE public.django_session (
    session_key character varying(40) NOT NULL,
    session_data text NOT NULL,
    expire_date timestamp with time zone NOT NULL
);


ALTER TABLE public.django_session OWNER TO petheaven_db_user;

--
-- Name: petmemorial_candlemessage; Type: TABLE; Schema: public; Owner: petheaven_db_user
--

CREATE TABLE public.petmemorial_candlemessage (
    id bigint NOT NULL,
    name character varying(100) NOT NULL,
    message character varying(255) NOT NULL,
    created_at timestamp with time zone NOT NULL,
    pet_memorial_id bigint NOT NULL
);


ALTER TABLE public.petmemorial_candlemessage OWNER TO petheaven_db_user;

--
-- Name: petmemorial_candlemessage_id_seq; Type: SEQUENCE; Schema: public; Owner: petheaven_db_user
--

ALTER TABLE public.petmemorial_candlemessage ALTER COLUMN id ADD GENERATED BY DEFAULT AS IDENTITY (
    SEQUENCE NAME public.petmemorial_candlemessage_id_seq
    START WITH 1
    INCREMENT BY 1
    NO MINVALUE
    NO MAXVALUE
    CACHE 1
);


--
-- Name: petmemorial_petmemorial; Type: TABLE; Schema: public; Owner: petheaven_db_user
--

CREATE TABLE public.petmemorial_petmemorial (
    id bigint NOT NULL,
    photo character varying(100),
    pet_name character varying(100) NOT NULL,
    slug character varying(100) NOT NULL,
    year_of_birth integer NOT NULL,
    year_of_death integer NOT NULL,
    tribute_quote character varying(255) NOT NULL,
    user_id integer NOT NULL,
    about_pet text,
    breed character varying(100),
    dominant_traits character varying(100),
    species character varying(100) NOT NULL,
    video_url character varying(200),
    owner_display_name character varying(100)
);


ALTER TABLE public.petmemorial_petmemorial OWNER TO petheaven_db_user;

--
-- Name: petmemorial_petmemorial_id_seq; Type: SEQUENCE; Schema: public; Owner: petheaven_db_user
--

ALTER TABLE public.petmemorial_petmemorial ALTER COLUMN id ADD GENERATED BY DEFAULT AS IDENTITY (
    SEQUENCE NAME public.petmemorial_petmemorial_id_seq
    START WITH 1
    INCREMENT BY 1
    NO MINVALUE
    NO MAXVALUE
    CACHE 1
);


--
-- Name: petmemorial_petmemorialgalleryimage; Type: TABLE; Schema: public; Owner: petheaven_db_user
--

CREATE TABLE public.petmemorial_petmemorialgalleryimage (
    id bigint NOT NULL,
    image character varying(100),
    caption character varying(255) NOT NULL,
    pet_memorial_id bigint NOT NULL
);


ALTER TABLE public.petmemorial_petmemorialgalleryimage OWNER TO petheaven_db_user;

--
-- Name: petmemorial_petmemorialgalleryimage_id_seq; Type: SEQUENCE; Schema: public; Owner: petheaven_db_user
--

ALTER TABLE public.petmemorial_petmemorialgalleryimage ALTER COLUMN id ADD GENERATED BY DEFAULT AS IDENTITY (
    SEQUENCE NAME public.petmemorial_petmemorialgalleryimage_id_seq
    START WITH 1
    INCREMENT BY 1
    NO MINVALUE
    NO MAXVALUE
    CACHE 1
);


--
-- Data for Name: auth_group; Type: TABLE DATA; Schema: public; Owner: petheaven_db_user
--

COPY public.auth_group (id, name) FROM stdin;
\.


--
-- Data for Name: auth_group_permissions; Type: TABLE DATA; Schema: public; Owner: petheaven_db_user
--

COPY public.auth_group_permissions (id, group_id, permission_id) FROM stdin;
\.


--
-- Data for Name: auth_permission; Type: TABLE DATA; Schema: public; Owner: petheaven_db_user
--

COPY public.auth_permission (id, name, content_type_id, codename) FROM stdin;
1	Can add log entry	1	add_logentry
2	Can change log entry	1	change_logentry
3	Can delete log entry	1	delete_logentry
4	Can view log entry	1	view_logentry
5	Can add permission	2	add_permission
6	Can change permission	2	change_permission
7	Can delete permission	2	delete_permission
8	Can view permission	2	view_permission
9	Can add group	3	add_group
10	Can change group	3	change_group
11	Can delete group	3	delete_group
12	Can view group	3	view_group
13	Can add user	4	add_user
14	Can change user	4	change_user
15	Can delete user	4	delete_user
16	Can view user	4	view_user
17	Can add content type	5	add_contenttype
18	Can change content type	5	change_contenttype
19	Can delete content type	5	delete_contenttype
20	Can view content type	5	view_contenttype
21	Can add session	6	add_session
22	Can change session	6	change_session
23	Can delete session	6	delete_session
24	Can view session	6	view_session
25	Can add person	7	add_person
26	Can change person	7	change_person
27	Can delete person	7	delete_person
28	Can view person	7	view_person
29	Can add category	8	add_category
30	Can change category	8	change_category
31	Can delete category	8	delete_category
32	Can view category	8	view_category
33	Can add blog post	9	add_blogpost
34	Can change blog post	9	change_blogpost
35	Can delete blog post	9	delete_blogpost
36	Can view blog post	9	view_blogpost
37	Can add comment	10	add_comment
38	Can change comment	10	change_comment
39	Can delete comment	10	delete_comment
40	Can view comment	10	view_comment
41	Can add pet memorial	11	add_petmemorial
42	Can change pet memorial	11	change_petmemorial
43	Can delete pet memorial	11	delete_petmemorial
44	Can view pet memorial	11	view_petmemorial
45	Can add pet memorial gallery image	12	add_petmemorialgalleryimage
46	Can change pet memorial gallery image	12	change_petmemorialgalleryimage
47	Can delete pet memorial gallery image	12	delete_petmemorialgalleryimage
48	Can view pet memorial gallery image	12	view_petmemorialgalleryimage
49	Can add candle message	13	add_candlemessage
50	Can change candle message	13	change_candlemessage
51	Can delete candle message	13	delete_candlemessage
52	Can view candle message	13	view_candlemessage
\.


--
-- Data for Name: auth_user; Type: TABLE DATA; Schema: public; Owner: petheaven_db_user
--

COPY public.auth_user (id, password, last_login, is_superuser, username, first_name, last_name, email, is_staff, is_active, date_joined) FROM stdin;
1	pbkdf2_sha256$870000$ORFNBtmHW6fIHCcmEb8Jbs$f0CzGBXXeoUcmyx+Mh4d/0/GvtLxOUa6768bIe7n6RM=	2025-04-16 08:53:21.794405+00	t	jackyfogel				t	t	2025-04-13 17:44:12.46695+00
\.


--
-- Data for Name: auth_user_groups; Type: TABLE DATA; Schema: public; Owner: petheaven_db_user
--

COPY public.auth_user_groups (id, user_id, group_id) FROM stdin;
\.


--
-- Data for Name: auth_user_user_permissions; Type: TABLE DATA; Schema: public; Owner: petheaven_db_user
--

COPY public.auth_user_user_permissions (id, user_id, permission_id) FROM stdin;
\.


--
-- Data for Name: blog_blogpost; Type: TABLE DATA; Schema: public; Owner: petheaven_db_user
--

COPY public.blog_blogpost (id, title, slug, content, featured_image, created_at, updated_at, published_at, status, seo_title, seo_description, seo_canonical, category_id) FROM stdin;
3	The Silence After the Purr: Healing from the Loss of a Beloved Cat"	healing-after-losing-cat	<p>There is a particular kind of quiet that comes after the loss of a cat. It's not just the absence of meows, or the gentle thud of paws on your chest in the morning. It's the stillness that replaces their soft presence — the empty spot on the windowsill, the untouched food bowl, the silence at your feet. Losing a cat is losing a quiet companion who made your home feel warm, even when the world outside was cold.</p>\r\n\r\n<h2>Why Cat Grief Hits Different</h2>\r\n\r\n<p>Cats are mysterious, soulful creatures. They don’t always demand attention, but their presence is felt deeply. They curl up next to you when you need comfort, they blink slowly from across the room to say "I love you" in the only way they know how. And when they’re gone, their absence echoes through every room.</p>\r\n\r\n<p>Grief over a cat can be intense — and sometimes, misunderstood. Unlike dogs, cats often bond with a single person deeply and quietly. When they pass, it can feel like you’ve lost a part of your emotional support system that no one else even noticed.</p>\r\n\r\n<h2>Let Yourself Mourn</h2>\r\n\r\n<p>Our society often dismisses pet grief. Phrases like “It’s just a cat” or “You can always get another” sting deeply when you're mourning a living being who meant the world to you. Let us be clear: <strong>your grief is valid</strong>. The bond you shared with your cat was real, and mourning that loss is not only natural — it's necessary.</p>\r\n\r\n<p>Give yourself the space and time to feel. Cry. Remember. Talk about your cat to someone who understands. Say their name out loud. Don’t bottle it up to spare others — grief has to move through you to pass.</p>\r\n\r\n<h2>Creating Rituals to Honor Your Cat</h2>\r\n\r\n<p>One of the most healing things you can do after a loss is to create a ritual — something that acknowledges the life and the love you shared. Here are a few ideas:</p>\r\n\r\n<ul class="list-unstyled ps-3 lh-lg">\r\n  <li>Light a candle every evening for a week and whisper a memory you loved about them.</li>\r\n  <li>Build a small shrine with a photo, their favorite toy, and a handwritten note.</li>\r\n  <li>Write a letter to your cat, expressing all the things you didn’t get to say.</li>\r\n  <li>Plant a flower or tree in their honor — something that lives and grows in their memory.</li>\r\n</ul>\r\n\r\n<h2>Memorial Ideas for Cats</h2>\r\n\r\n<p>In addition to rituals, you can create lasting memorials:</p>\r\n\r\n<ul>\r\n  <li><strong>Online memorial page</strong> — Share your cat’s story, photos, and memories publicly or privately.</li>\r\n  <li><strong>Paw print keepsake</strong> — If you have access to their paw print, preserve it in clay or ink.</li>\r\n  <li><strong>Customized urn or jewelry</strong> — Many services now offer beautifully engraved urns, lockets, or ash pendants.</li>\r\n  <li><strong>Donate in their name</strong> — To a shelter or rescue group that helps other cats live full lives.</li>\r\n</ul>\r\n\r\n<h2>Healing Comes in Waves</h2>\r\n\r\n<p>One of the hardest truths to accept is that healing isn’t linear. You might feel "fine" one day and then break down the next over a stray whisker you found in a blanket. That’s normal. Grief comes in waves — sometimes gentle, sometimes crashing — but each wave carries you forward a little more.</p>\r\n\r\n<p>There is no timeline for grief. Don’t let anyone rush you. Your cat mattered, and so does your journey through this loss.</p>\r\n\r\n<h2>You’re Not Alone</h2>\r\n\r\n<p>Thousands of people around the world are going through the same kind of pain. Whether you find comfort in pet grief communities, talking with other cat parents, or simply writing it out — connection helps.</p>\r\n\r\n<p>At <a href="https://petheavenonline.com">PetHeavenOnline.com</a>, we invite you to honor your pet’s memory in a safe, loving space. You can share a story, light a digital candle, or simply browse and know you’re part of something bigger. Because every cat deserves to be remembered, and every heart deserves to heal.</p>\r\n\r\n<h2>Final Thoughts</h2>\r\n\r\n<p>If you're reading this and grieving the loss of your cat, we send you warmth, love, and the deepest understanding. You are not silly for crying over a pet. You are not weak for missing them. You are human — and your cat was family.</p>\r\n\r\n<p><em>"Until one has loved an animal, a part of one's soul remains unawakened." – Anatole France</em></p>\r\n\r\n<p>Take your time. Love never really leaves — it just takes on a different shape.</p>\r\n\r\n<hr>\r\n\r\n<p><strong>💬 Want to honor your cat?</strong> Create a tribute on PetHeavenOnline or share a story in the comments. We’d be honored to help you remember.</p>	blog/featured_images/person-pet.webp	2025-04-16 08:55:53.944505+00	2025-04-16 08:55:53.944524+00	2025-04-16 08:55:31+00	published	Healing After Losing a Cat – Coping With Pet Grief	Grieving your cat’s loss is never easy. Learn how to heal, honor their memory, and cope with the silence they leave behind. Your love deserves space.	\N	2
\.


--
-- Data for Name: blog_category; Type: TABLE DATA; Schema: public; Owner: petheaven_db_user
--

COPY public.blog_category (id, name) FROM stdin;
2	Grief & Healing
\.


--
-- Data for Name: blog_comment; Type: TABLE DATA; Schema: public; Owner: petheaven_db_user
--

COPY public.blog_comment (id, author, body, created_on, post_id) FROM stdin;
\.


--
-- Data for Name: django_admin_log; Type: TABLE DATA; Schema: public; Owner: petheaven_db_user
--

COPY public.django_admin_log (id, action_time, object_id, object_repr, action_flag, change_message, content_type_id, user_id) FROM stdin;
1	2025-04-13 17:46:45.239276+00	1	test	1	[{"added": {}}]	8	1
2	2025-04-13 17:47:44.067759+00	1	bdsdsd	1	[{"added": {}}]	9	1
3	2025-04-13 17:48:11.864309+00	1	bdsdsd	2	[{"changed": {"fields": ["Featured image"]}}]	9	1
4	2025-04-15 15:42:57.120973+00	2	b	1	[{"added": {}}]	9	1
5	2025-04-16 08:53:44.096339+00	1	test	3		8	1
6	2025-04-16 08:54:45.525335+00	2	Grief & Healing	1	[{"added": {}}]	8	1
7	2025-04-16 08:55:53.947975+00	3	The Silence After the Purr: Healing from the Loss of a Beloved Cat"	1	[{"added": {}}]	9	1
8	2025-04-17 08:38:44.38636+00	4	test	1	[{"added": {}}]	9	1
9	2025-04-17 08:46:02.903731+00	4	test	3		9	1
10	2025-04-20 12:36:33.114087+00	1	Sandy	1	[{"added": {}}, {"added": {"name": "pet memorial gallery image", "object": "Gallery image for Sandy"}}, {"added": {"name": "pet memorial gallery image", "object": "Gallery image for Sandy"}}, {"added": {"name": "pet memorial gallery image", "object": "Gallery image for Sandy"}}, {"added": {"name": "candle message", "object": "Candle by jack for Sandy"}}]	11	1
11	2025-04-21 08:25:27.205073+00	2	PetMemorial object (2)	1	[{"added": {}}, {"added": {"name": "pet memorial gallery image", "object": "Gallery image for jack"}}]	11	1
12	2025-04-21 16:00:43.818409+00	3	PetMemorial object (3)	1	[{"added": {}}, {"added": {"name": "pet memorial gallery image", "object": "Gallery image for Sandy"}}, {"added": {"name": "pet memorial gallery image", "object": "Gallery image for Sandy"}}, {"added": {"name": "pet memorial gallery image", "object": "Gallery image for Sandy"}}]	11	1
13	2025-04-21 16:04:18.702949+00	4	PetMemorial object (4)	1	[{"added": {}}]	11	1
14	2025-04-23 05:15:46.548377+00	2	jackyfogel1	3		4	1
\.


--
-- Data for Name: django_content_type; Type: TABLE DATA; Schema: public; Owner: petheaven_db_user
--

COPY public.django_content_type (id, app_label, model) FROM stdin;
1	admin	logentry
2	auth	permission
3	auth	group
4	auth	user
5	contenttypes	contenttype
6	sessions	session
7	petmemorial	person
8	blog	category
9	blog	blogpost
10	blog	comment
11	petmemorial	petmemorial
12	petmemorial	petmemorialgalleryimage
13	petmemorial	candlemessage
\.


--
-- Data for Name: django_migrations; Type: TABLE DATA; Schema: public; Owner: petheaven_db_user
--

COPY public.django_migrations (id, app, name, applied) FROM stdin;
1	contenttypes	0001_initial	2025-04-13 17:42:52.157844+00
2	auth	0001_initial	2025-04-13 17:42:52.364151+00
3	admin	0001_initial	2025-04-13 17:42:52.442904+00
4	admin	0002_logentry_remove_auto_add	2025-04-13 17:42:52.450055+00
5	admin	0003_logentry_add_action_flag_choices	2025-04-13 17:42:52.459188+00
6	contenttypes	0002_remove_content_type_name	2025-04-13 17:42:52.475087+00
7	auth	0002_alter_permission_name_max_length	2025-04-13 17:42:52.488671+00
8	auth	0003_alter_user_email_max_length	2025-04-13 17:42:52.500953+00
9	auth	0004_alter_user_username_opts	2025-04-13 17:42:52.509726+00
10	auth	0005_alter_user_last_login_null	2025-04-13 17:42:52.521991+00
11	auth	0006_require_contenttypes_0002	2025-04-13 17:42:52.527926+00
12	auth	0007_alter_validators_add_error_messages	2025-04-13 17:42:52.536888+00
13	auth	0008_alter_user_username_max_length	2025-04-13 17:42:52.55401+00
14	auth	0009_alter_user_last_name_max_length	2025-04-13 17:42:52.56508+00
15	auth	0010_alter_group_name_max_length	2025-04-13 17:42:52.578233+00
16	auth	0011_update_proxy_permissions	2025-04-13 17:42:52.585342+00
17	auth	0012_alter_user_first_name_max_length	2025-04-13 17:42:52.602+00
18	petmemorial	0001_initial	2025-04-13 17:42:52.616007+00
19	sessions	0001_initial	2025-04-13 17:42:52.647832+00
20	blog	0001_initial	2025-04-13 17:45:28.443458+00
21	blog	0002_alter_category_options	2025-04-13 17:45:28.449084+00
22	blog	0003_remove_blogpost_author	2025-04-13 17:45:28.490997+00
23	petmemorial	0002_petmemorial_delete_person	2025-04-20 12:30:55.355535+00
24	petmemorial	0003_petmemorial_about_pet_petmemorial_breed_and_more	2025-04-20 12:30:55.392442+00
25	petmemorial	0004_alter_petmemorial_breed	2025-04-20 12:30:55.402307+00
26	petmemorial	0005_petmemorial_video_url	2025-04-20 12:30:55.416997+00
27	petmemorial	0006_petmemorialgalleryimage	2025-04-20 12:30:55.458428+00
28	petmemorial	0007_candlemessage	2025-04-20 12:30:55.493143+00
29	petmemorial	0008_petmemorial_owner_display_name	2025-04-20 12:30:55.505728+00
30	petmemorial	0009_alter_petmemorial_slug	2025-04-21 08:21:25.066489+00
\.


--
-- Data for Name: django_session; Type: TABLE DATA; Schema: public; Owner: petheaven_db_user
--

COPY public.django_session (session_key, session_data, expire_date) FROM stdin;
myk346fj8lmp0bhx4hwv106oz1awo7dz	.eJxVjTsOwjAQRO_iGlk4618o6TmD5V2vcQA5UpxUiLvjSCmgnfdm5i1C3NYStsZLmJK4CCVOvxlGenLdQXrEep8lzXVdJpS7Ig_a5G1O_Loe7t9Aia30tjtDZFIDpGRYezRoTTagIJuM6K0dXWfsleYEeiBDClhTP_DajVqJzxfk3zfS:1u41NZ:dxt1X_0vy0sqxf_XW0h-IXmrgajUi3d3kpuI3SH8iPA	2025-04-27 17:44:25.779562+00
7q10h1x7w31i72b41k0sj3kiknbsgrdr	.eJxVjTsOwjAQRO_iGlk4618o6TmD5V2vcQA5UpxUiLvjSCmgnfdm5i1C3NYStsZLmJK4CCVOvxlGenLdQXrEep8lzXVdJpS7Ig_a5G1O_Loe7t9Aia30tjtDZFIDpGRYezRoTTagIJuM6K0dXWfsleYEeiBDClhTP_DajVqJzxfk3zfS:1u4YNG:WDiZEYIcxiSe7drk17iosF_PJFJm4zxd99erjC4O7vM	2025-04-29 04:58:18.60774+00
zpa3glceuyxtkhfgm0fclq40vc6p6qbb	.eJxVjTsOwjAQRO_iGlk4618o6TmD5V2vcQA5UpxUiLvjSCmgnfdm5i1C3NYStsZLmJK4CCVOvxlGenLdQXrEep8lzXVdJpS7Ig_a5G1O_Loe7t9Aia30tjtDZFIDpGRYezRoTTagIJuM6K0dXWfsleYEeiBDClhTP_DajVqJzxfk3zfS:1u4yWH:I19B0Lfk5bYC-V3GWktB4VevmYujTfdhAG0X5AYe5l4	2025-04-30 08:53:21.797788+00
\.


--
-- Data for Name: petmemorial_candlemessage; Type: TABLE DATA; Schema: public; Owner: petheaven_db_user
--

COPY public.petmemorial_candlemessage (id, name, message, created_at, pet_memorial_id) FROM stdin;
1	jack	Yo Sandy, Rest in piece	2025-04-20 12:36:33.112602+00	1
\.


--
-- Data for Name: petmemorial_petmemorial; Type: TABLE DATA; Schema: public; Owner: petheaven_db_user
--

COPY public.petmemorial_petmemorial (id, photo, pet_name, slug, year_of_birth, year_of_death, tribute_quote, user_id, about_pet, breed, dominant_traits, species, video_url, owner_display_name) FROM stdin;
1	photos/cat781.jpg	Sandy	sandy	2009	2025	Sandy, look at the stars	1	<p>Sandy wasn’t just a cat. She was an old soul wrapped in silver fur, with eyes that saw straight through you and paws that never made a sound. From the moment she stepped into the home, she carried herself like royalty — not with arrogance, but with grace. Whether she was perched silently in a sunbeam or curled like a comma on a bookshelf, Sandy gave everything a sense of calm and magic.</p>\r\n\r\n<p>She had her routines, of course. Morning stretches on the window ledge, a slow blink to say "good day," and the softest meow that somehow always got what she wanted. But what made Sandy unforgettable wasn’t just her beauty — it was the quiet way she made you feel seen. She’d nudge your hand when you were down. She’d sit near you when you couldn’t find words. She was a companion in the deepest sense.</p>\r\n\r\n<p>She never rushed, never begged, never needed to be loud. Her love was subtle and steady, like the rhythm of a heart that always knew home.</p>\r\n\r\n<p>When Sandy passed, the house grew quieter in a way that wasn’t just sound. The light shifted. The stillness she once filled with her presence became a space of memory. But even now, she lingers — in the way the sun hits the windows, in the faint scratch marks on old furniture, in the silence that somehow still feels like her.</p>\r\n\r\n<p>Sandy was a cat, yes — but more than that, she was a piece of soul in the shape of an animal. And she is missed in the kind of way that never fades, only softens.</p>	Persian	Kind, wild, dirty	cat	https://www.youtube.com/embed/7jTq2FXKr0g?si=83-FChVsVpdHfCXp	Jack Cohen
2	users/1/petmemorial/2/memorial-photo.webp	jack	jack	2009	2016	Jack	1	dddd	dog	ddd	dog	\N	\N
3	users/1/petmemorial/3/memorial-photo.webp	Sandy	sandy-1	2009	2019	Sandy 2	1	Sandy 2	Sandy 2	Sandy 2	dog	\N	\N
4		Jack	jack-1	2009	2010	jack	1		j	j	dog	\N	\N
\.


--
-- Data for Name: petmemorial_petmemorialgalleryimage; Type: TABLE DATA; Schema: public; Owner: petheaven_db_user
--

COPY public.petmemorial_petmemorialgalleryimage (id, image, caption, pet_memorial_id) FROM stdin;
1	gallery/cat781.jpg		1
2	gallery/cat887.jpg		1
3	gallery/cat4394.jpg		1
4	users/1/petmemorial/2/gallery/12e19adb-25b1-4740-b2bf-9e24448d2dc5.webp		2
5	users/1/petmemorial/3/gallery/198c5a2c-dc9b-4647-9a5e-7697c3be645f.webp		3
6	users/1/petmemorial/3/gallery/0346db2c-229c-4cf5-bf44-fa3cba7c788a.webp		3
7	users/1/petmemorial/3/gallery/56b346fe-0b85-474f-9cfb-ae1eb7d89ac3.webp		3
\.


--
-- Name: auth_group_id_seq; Type: SEQUENCE SET; Schema: public; Owner: petheaven_db_user
--

SELECT pg_catalog.setval('public.auth_group_id_seq', 1, false);


--
-- Name: auth_group_permissions_id_seq; Type: SEQUENCE SET; Schema: public; Owner: petheaven_db_user
--

SELECT pg_catalog.setval('public.auth_group_permissions_id_seq', 1, false);


--
-- Name: auth_permission_id_seq; Type: SEQUENCE SET; Schema: public; Owner: petheaven_db_user
--

SELECT pg_catalog.setval('public.auth_permission_id_seq', 52, true);


--
-- Name: auth_user_groups_id_seq; Type: SEQUENCE SET; Schema: public; Owner: petheaven_db_user
--

SELECT pg_catalog.setval('public.auth_user_groups_id_seq', 1, false);


--
-- Name: auth_user_id_seq; Type: SEQUENCE SET; Schema: public; Owner: petheaven_db_user
--

SELECT pg_catalog.setval('public.auth_user_id_seq', 2, true);


--
-- Name: auth_user_user_permissions_id_seq; Type: SEQUENCE SET; Schema: public; Owner: petheaven_db_user
--

SELECT pg_catalog.setval('public.auth_user_user_permissions_id_seq', 1, false);


--
-- Name: blog_blogpost_id_seq; Type: SEQUENCE SET; Schema: public; Owner: petheaven_db_user
--

SELECT pg_catalog.setval('public.blog_blogpost_id_seq', 4, true);


--
-- Name: blog_category_id_seq; Type: SEQUENCE SET; Schema: public; Owner: petheaven_db_user
--

SELECT pg_catalog.setval('public.blog_category_id_seq', 2, true);


--
-- Name: blog_comment_id_seq; Type: SEQUENCE SET; Schema: public; Owner: petheaven_db_user
--

SELECT pg_catalog.setval('public.blog_comment_id_seq', 1, false);


--
-- Name: django_admin_log_id_seq; Type: SEQUENCE SET; Schema: public; Owner: petheaven_db_user
--

SELECT pg_catalog.setval('public.django_admin_log_id_seq', 14, true);


--
-- Name: django_content_type_id_seq; Type: SEQUENCE SET; Schema: public; Owner: petheaven_db_user
--

SELECT pg_catalog.setval('public.django_content_type_id_seq', 13, true);


--
-- Name: django_migrations_id_seq; Type: SEQUENCE SET; Schema: public; Owner: petheaven_db_user
--

SELECT pg_catalog.setval('public.django_migrations_id_seq', 30, true);


--
-- Name: petmemorial_candlemessage_id_seq; Type: SEQUENCE SET; Schema: public; Owner: petheaven_db_user
--

SELECT pg_catalog.setval('public.petmemorial_candlemessage_id_seq', 1, true);


--
-- Name: petmemorial_petmemorial_id_seq; Type: SEQUENCE SET; Schema: public; Owner: petheaven_db_user
--

SELECT pg_catalog.setval('public.petmemorial_petmemorial_id_seq', 4, true);


--
-- Name: petmemorial_petmemorialgalleryimage_id_seq; Type: SEQUENCE SET; Schema: public; Owner: petheaven_db_user
--

SELECT pg_catalog.setval('public.petmemorial_petmemorialgalleryimage_id_seq', 7, true);


--
-- Name: auth_group auth_group_name_key; Type: CONSTRAINT; Schema: public; Owner: petheaven_db_user
--

ALTER TABLE ONLY public.auth_group
    ADD CONSTRAINT auth_group_name_key UNIQUE (name);


--
-- Name: auth_group_permissions auth_group_permissions_group_id_permission_id_0cd325b0_uniq; Type: CONSTRAINT; Schema: public; Owner: petheaven_db_user
--

ALTER TABLE ONLY public.auth_group_permissions
    ADD CONSTRAINT auth_group_permissions_group_id_permission_id_0cd325b0_uniq UNIQUE (group_id, permission_id);


--
-- Name: auth_group_permissions auth_group_permissions_pkey; Type: CONSTRAINT; Schema: public; Owner: petheaven_db_user
--

ALTER TABLE ONLY public.auth_group_permissions
    ADD CONSTRAINT auth_group_permissions_pkey PRIMARY KEY (id);


--
-- Name: auth_group auth_group_pkey; Type: CONSTRAINT; Schema: public; Owner: petheaven_db_user
--

ALTER TABLE ONLY public.auth_group
    ADD CONSTRAINT auth_group_pkey PRIMARY KEY (id);


--
-- Name: auth_permission auth_permission_content_type_id_codename_01ab375a_uniq; Type: CONSTRAINT; Schema: public; Owner: petheaven_db_user
--

ALTER TABLE ONLY public.auth_permission
    ADD CONSTRAINT auth_permission_content_type_id_codename_01ab375a_uniq UNIQUE (content_type_id, codename);


--
-- Name: auth_permission auth_permission_pkey; Type: CONSTRAINT; Schema: public; Owner: petheaven_db_user
--

ALTER TABLE ONLY public.auth_permission
    ADD CONSTRAINT auth_permission_pkey PRIMARY KEY (id);


--
-- Name: auth_user_groups auth_user_groups_pkey; Type: CONSTRAINT; Schema: public; Owner: petheaven_db_user
--

ALTER TABLE ONLY public.auth_user_groups
    ADD CONSTRAINT auth_user_groups_pkey PRIMARY KEY (id);


--
-- Name: auth_user_groups auth_user_groups_user_id_group_id_94350c0c_uniq; Type: CONSTRAINT; Schema: public; Owner: petheaven_db_user
--

ALTER TABLE ONLY public.auth_user_groups
    ADD CONSTRAINT auth_user_groups_user_id_group_id_94350c0c_uniq UNIQUE (user_id, group_id);


--
-- Name: auth_user auth_user_pkey; Type: CONSTRAINT; Schema: public; Owner: petheaven_db_user
--

ALTER TABLE ONLY public.auth_user
    ADD CONSTRAINT auth_user_pkey PRIMARY KEY (id);


--
-- Name: auth_user_user_permissions auth_user_user_permissions_pkey; Type: CONSTRAINT; Schema: public; Owner: petheaven_db_user
--

ALTER TABLE ONLY public.auth_user_user_permissions
    ADD CONSTRAINT auth_user_user_permissions_pkey PRIMARY KEY (id);


--
-- Name: auth_user_user_permissions auth_user_user_permissions_user_id_permission_id_14a6b632_uniq; Type: CONSTRAINT; Schema: public; Owner: petheaven_db_user
--

ALTER TABLE ONLY public.auth_user_user_permissions
    ADD CONSTRAINT auth_user_user_permissions_user_id_permission_id_14a6b632_uniq UNIQUE (user_id, permission_id);


--
-- Name: auth_user auth_user_username_key; Type: CONSTRAINT; Schema: public; Owner: petheaven_db_user
--

ALTER TABLE ONLY public.auth_user
    ADD CONSTRAINT auth_user_username_key UNIQUE (username);


--
-- Name: blog_blogpost blog_blogpost_pkey; Type: CONSTRAINT; Schema: public; Owner: petheaven_db_user
--

ALTER TABLE ONLY public.blog_blogpost
    ADD CONSTRAINT blog_blogpost_pkey PRIMARY KEY (id);


--
-- Name: blog_blogpost blog_blogpost_slug_key; Type: CONSTRAINT; Schema: public; Owner: petheaven_db_user
--

ALTER TABLE ONLY public.blog_blogpost
    ADD CONSTRAINT blog_blogpost_slug_key UNIQUE (slug);


--
-- Name: blog_category blog_category_pkey; Type: CONSTRAINT; Schema: public; Owner: petheaven_db_user
--

ALTER TABLE ONLY public.blog_category
    ADD CONSTRAINT blog_category_pkey PRIMARY KEY (id);


--
-- Name: blog_comment blog_comment_pkey; Type: CONSTRAINT; Schema: public; Owner: petheaven_db_user
--

ALTER TABLE ONLY public.blog_comment
    ADD CONSTRAINT blog_comment_pkey PRIMARY KEY (id);


--
-- Name: django_admin_log django_admin_log_pkey; Type: CONSTRAINT; Schema: public; Owner: petheaven_db_user
--

ALTER TABLE ONLY public.django_admin_log
    ADD CONSTRAINT django_admin_log_pkey PRIMARY KEY (id);


--
-- Name: django_content_type django_content_type_app_label_model_76bd3d3b_uniq; Type: CONSTRAINT; Schema: public; Owner: petheaven_db_user
--

ALTER TABLE ONLY public.django_content_type
    ADD CONSTRAINT django_content_type_app_label_model_76bd3d3b_uniq UNIQUE (app_label, model);


--
-- Name: django_content_type django_content_type_pkey; Type: CONSTRAINT; Schema: public; Owner: petheaven_db_user
--

ALTER TABLE ONLY public.django_content_type
    ADD CONSTRAINT django_content_type_pkey PRIMARY KEY (id);


--
-- Name: django_migrations django_migrations_pkey; Type: CONSTRAINT; Schema: public; Owner: petheaven_db_user
--

ALTER TABLE ONLY public.django_migrations
    ADD CONSTRAINT django_migrations_pkey PRIMARY KEY (id);


--
-- Name: django_session django_session_pkey; Type: CONSTRAINT; Schema: public; Owner: petheaven_db_user
--

ALTER TABLE ONLY public.django_session
    ADD CONSTRAINT django_session_pkey PRIMARY KEY (session_key);


--
-- Name: petmemorial_candlemessage petmemorial_candlemessage_pkey; Type: CONSTRAINT; Schema: public; Owner: petheaven_db_user
--

ALTER TABLE ONLY public.petmemorial_candlemessage
    ADD CONSTRAINT petmemorial_candlemessage_pkey PRIMARY KEY (id);


--
-- Name: petmemorial_petmemorial petmemorial_petmemorial_pkey; Type: CONSTRAINT; Schema: public; Owner: petheaven_db_user
--

ALTER TABLE ONLY public.petmemorial_petmemorial
    ADD CONSTRAINT petmemorial_petmemorial_pkey PRIMARY KEY (id);


--
-- Name: petmemorial_petmemorial petmemorial_petmemorial_slug_key; Type: CONSTRAINT; Schema: public; Owner: petheaven_db_user
--

ALTER TABLE ONLY public.petmemorial_petmemorial
    ADD CONSTRAINT petmemorial_petmemorial_slug_key UNIQUE (slug);


--
-- Name: petmemorial_petmemorialgalleryimage petmemorial_petmemorialgalleryimage_pkey; Type: CONSTRAINT; Schema: public; Owner: petheaven_db_user
--

ALTER TABLE ONLY public.petmemorial_petmemorialgalleryimage
    ADD CONSTRAINT petmemorial_petmemorialgalleryimage_pkey PRIMARY KEY (id);


--
-- Name: auth_group_name_a6ea08ec_like; Type: INDEX; Schema: public; Owner: petheaven_db_user
--

CREATE INDEX auth_group_name_a6ea08ec_like ON public.auth_group USING btree (name varchar_pattern_ops);


--
-- Name: auth_group_permissions_group_id_b120cbf9; Type: INDEX; Schema: public; Owner: petheaven_db_user
--

CREATE INDEX auth_group_permissions_group_id_b120cbf9 ON public.auth_group_permissions USING btree (group_id);


--
-- Name: auth_group_permissions_permission_id_84c5c92e; Type: INDEX; Schema: public; Owner: petheaven_db_user
--

CREATE INDEX auth_group_permissions_permission_id_84c5c92e ON public.auth_group_permissions USING btree (permission_id);


--
-- Name: auth_permission_content_type_id_2f476e4b; Type: INDEX; Schema: public; Owner: petheaven_db_user
--

CREATE INDEX auth_permission_content_type_id_2f476e4b ON public.auth_permission USING btree (content_type_id);


--
-- Name: auth_user_groups_group_id_97559544; Type: INDEX; Schema: public; Owner: petheaven_db_user
--

CREATE INDEX auth_user_groups_group_id_97559544 ON public.auth_user_groups USING btree (group_id);


--
-- Name: auth_user_groups_user_id_6a12ed8b; Type: INDEX; Schema: public; Owner: petheaven_db_user
--

CREATE INDEX auth_user_groups_user_id_6a12ed8b ON public.auth_user_groups USING btree (user_id);


--
-- Name: auth_user_user_permissions_permission_id_1fbb5f2c; Type: INDEX; Schema: public; Owner: petheaven_db_user
--

CREATE INDEX auth_user_user_permissions_permission_id_1fbb5f2c ON public.auth_user_user_permissions USING btree (permission_id);


--
-- Name: auth_user_user_permissions_user_id_a95ead1b; Type: INDEX; Schema: public; Owner: petheaven_db_user
--

CREATE INDEX auth_user_user_permissions_user_id_a95ead1b ON public.auth_user_user_permissions USING btree (user_id);


--
-- Name: auth_user_username_6821ab7c_like; Type: INDEX; Schema: public; Owner: petheaven_db_user
--

CREATE INDEX auth_user_username_6821ab7c_like ON public.auth_user USING btree (username varchar_pattern_ops);


--
-- Name: blog_blogpost_category_id_0e9835dd; Type: INDEX; Schema: public; Owner: petheaven_db_user
--

CREATE INDEX blog_blogpost_category_id_0e9835dd ON public.blog_blogpost USING btree (category_id);


--
-- Name: blog_blogpost_slug_9e84ade1_like; Type: INDEX; Schema: public; Owner: petheaven_db_user
--

CREATE INDEX blog_blogpost_slug_9e84ade1_like ON public.blog_blogpost USING btree (slug varchar_pattern_ops);


--
-- Name: blog_comment_post_id_580e96ef; Type: INDEX; Schema: public; Owner: petheaven_db_user
--

CREATE INDEX blog_comment_post_id_580e96ef ON public.blog_comment USING btree (post_id);


--
-- Name: django_admin_log_content_type_id_c4bce8eb; Type: INDEX; Schema: public; Owner: petheaven_db_user
--

CREATE INDEX django_admin_log_content_type_id_c4bce8eb ON public.django_admin_log USING btree (content_type_id);


--
-- Name: django_admin_log_user_id_c564eba6; Type: INDEX; Schema: public; Owner: petheaven_db_user
--

CREATE INDEX django_admin_log_user_id_c564eba6 ON public.django_admin_log USING btree (user_id);


--
-- Name: django_session_expire_date_a5c62663; Type: INDEX; Schema: public; Owner: petheaven_db_user
--

CREATE INDEX django_session_expire_date_a5c62663 ON public.django_session USING btree (expire_date);


--
-- Name: django_session_session_key_c0390e0f_like; Type: INDEX; Schema: public; Owner: petheaven_db_user
--

CREATE INDEX django_session_session_key_c0390e0f_like ON public.django_session USING btree (session_key varchar_pattern_ops);


--
-- Name: petmemorial_candlemessage_pet_memorial_id_ec082093; Type: INDEX; Schema: public; Owner: petheaven_db_user
--

CREATE INDEX petmemorial_candlemessage_pet_memorial_id_ec082093 ON public.petmemorial_candlemessage USING btree (pet_memorial_id);


--
-- Name: petmemorial_petmemorial_slug_16d27fdd_like; Type: INDEX; Schema: public; Owner: petheaven_db_user
--

CREATE INDEX petmemorial_petmemorial_slug_16d27fdd_like ON public.petmemorial_petmemorial USING btree (slug varchar_pattern_ops);


--
-- Name: petmemorial_petmemorial_user_id_0960b713; Type: INDEX; Schema: public; Owner: petheaven_db_user
--

CREATE INDEX petmemorial_petmemorial_user_id_0960b713 ON public.petmemorial_petmemorial USING btree (user_id);


--
-- Name: petmemorial_petmemorialgalleryimage_pet_memorial_id_c36bd4b0; Type: INDEX; Schema: public; Owner: petheaven_db_user
--

CREATE INDEX petmemorial_petmemorialgalleryimage_pet_memorial_id_c36bd4b0 ON public.petmemorial_petmemorialgalleryimage USING btree (pet_memorial_id);


--
-- Name: auth_group_permissions auth_group_permissio_permission_id_84c5c92e_fk_auth_perm; Type: FK CONSTRAINT; Schema: public; Owner: petheaven_db_user
--

ALTER TABLE ONLY public.auth_group_permissions
    ADD CONSTRAINT auth_group_permissio_permission_id_84c5c92e_fk_auth_perm FOREIGN KEY (permission_id) REFERENCES public.auth_permission(id) DEFERRABLE INITIALLY DEFERRED;


--
-- Name: auth_group_permissions auth_group_permissions_group_id_b120cbf9_fk_auth_group_id; Type: FK CONSTRAINT; Schema: public; Owner: petheaven_db_user
--

ALTER TABLE ONLY public.auth_group_permissions
    ADD CONSTRAINT auth_group_permissions_group_id_b120cbf9_fk_auth_group_id FOREIGN KEY (group_id) REFERENCES public.auth_group(id) DEFERRABLE INITIALLY DEFERRED;


--
-- Name: auth_permission auth_permission_content_type_id_2f476e4b_fk_django_co; Type: FK CONSTRAINT; Schema: public; Owner: petheaven_db_user
--

ALTER TABLE ONLY public.auth_permission
    ADD CONSTRAINT auth_permission_content_type_id_2f476e4b_fk_django_co FOREIGN KEY (content_type_id) REFERENCES public.django_content_type(id) DEFERRABLE INITIALLY DEFERRED;


--
-- Name: auth_user_groups auth_user_groups_group_id_97559544_fk_auth_group_id; Type: FK CONSTRAINT; Schema: public; Owner: petheaven_db_user
--

ALTER TABLE ONLY public.auth_user_groups
    ADD CONSTRAINT auth_user_groups_group_id_97559544_fk_auth_group_id FOREIGN KEY (group_id) REFERENCES public.auth_group(id) DEFERRABLE INITIALLY DEFERRED;


--
-- Name: auth_user_groups auth_user_groups_user_id_6a12ed8b_fk_auth_user_id; Type: FK CONSTRAINT; Schema: public; Owner: petheaven_db_user
--

ALTER TABLE ONLY public.auth_user_groups
    ADD CONSTRAINT auth_user_groups_user_id_6a12ed8b_fk_auth_user_id FOREIGN KEY (user_id) REFERENCES public.auth_user(id) DEFERRABLE INITIALLY DEFERRED;


--
-- Name: auth_user_user_permissions auth_user_user_permi_permission_id_1fbb5f2c_fk_auth_perm; Type: FK CONSTRAINT; Schema: public; Owner: petheaven_db_user
--

ALTER TABLE ONLY public.auth_user_user_permissions
    ADD CONSTRAINT auth_user_user_permi_permission_id_1fbb5f2c_fk_auth_perm FOREIGN KEY (permission_id) REFERENCES public.auth_permission(id) DEFERRABLE INITIALLY DEFERRED;


--
-- Name: auth_user_user_permissions auth_user_user_permissions_user_id_a95ead1b_fk_auth_user_id; Type: FK CONSTRAINT; Schema: public; Owner: petheaven_db_user
--

ALTER TABLE ONLY public.auth_user_user_permissions
    ADD CONSTRAINT auth_user_user_permissions_user_id_a95ead1b_fk_auth_user_id FOREIGN KEY (user_id) REFERENCES public.auth_user(id) DEFERRABLE INITIALLY DEFERRED;


--
-- Name: blog_blogpost blog_blogpost_category_id_0e9835dd_fk_blog_category_id; Type: FK CONSTRAINT; Schema: public; Owner: petheaven_db_user
--

ALTER TABLE ONLY public.blog_blogpost
    ADD CONSTRAINT blog_blogpost_category_id_0e9835dd_fk_blog_category_id FOREIGN KEY (category_id) REFERENCES public.blog_category(id) DEFERRABLE INITIALLY DEFERRED;


--
-- Name: blog_comment blog_comment_post_id_580e96ef_fk_blog_blogpost_id; Type: FK CONSTRAINT; Schema: public; Owner: petheaven_db_user
--

ALTER TABLE ONLY public.blog_comment
    ADD CONSTRAINT blog_comment_post_id_580e96ef_fk_blog_blogpost_id FOREIGN KEY (post_id) REFERENCES public.blog_blogpost(id) DEFERRABLE INITIALLY DEFERRED;


--
-- Name: django_admin_log django_admin_log_content_type_id_c4bce8eb_fk_django_co; Type: FK CONSTRAINT; Schema: public; Owner: petheaven_db_user
--

ALTER TABLE ONLY public.django_admin_log
    ADD CONSTRAINT django_admin_log_content_type_id_c4bce8eb_fk_django_co FOREIGN KEY (content_type_id) REFERENCES public.django_content_type(id) DEFERRABLE INITIALLY DEFERRED;


--
-- Name: django_admin_log django_admin_log_user_id_c564eba6_fk_auth_user_id; Type: FK CONSTRAINT; Schema: public; Owner: petheaven_db_user
--

ALTER TABLE ONLY public.django_admin_log
    ADD CONSTRAINT django_admin_log_user_id_c564eba6_fk_auth_user_id FOREIGN KEY (user_id) REFERENCES public.auth_user(id) DEFERRABLE INITIALLY DEFERRED;


--
-- Name: petmemorial_candlemessage petmemorial_candleme_pet_memorial_id_ec082093_fk_petmemori; Type: FK CONSTRAINT; Schema: public; Owner: petheaven_db_user
--

ALTER TABLE ONLY public.petmemorial_candlemessage
    ADD CONSTRAINT petmemorial_candleme_pet_memorial_id_ec082093_fk_petmemori FOREIGN KEY (pet_memorial_id) REFERENCES public.petmemorial_petmemorial(id) DEFERRABLE INITIALLY DEFERRED;


--
-- Name: petmemorial_petmemorialgalleryimage petmemorial_petmemor_pet_memorial_id_c36bd4b0_fk_petmemori; Type: FK CONSTRAINT; Schema: public; Owner: petheaven_db_user
--

ALTER TABLE ONLY public.petmemorial_petmemorialgalleryimage
    ADD CONSTRAINT petmemorial_petmemor_pet_memorial_id_c36bd4b0_fk_petmemori FOREIGN KEY (pet_memorial_id) REFERENCES public.petmemorial_petmemorial(id) DEFERRABLE INITIALLY DEFERRED;


--
-- Name: petmemorial_petmemorial petmemorial_petmemorial_user_id_0960b713_fk_auth_user_id; Type: FK CONSTRAINT; Schema: public; Owner: petheaven_db_user
--

ALTER TABLE ONLY public.petmemorial_petmemorial
    ADD CONSTRAINT petmemorial_petmemorial_user_id_0960b713_fk_auth_user_id FOREIGN KEY (user_id) REFERENCES public.auth_user(id) DEFERRABLE INITIALLY DEFERRED;


--
-- Name: SCHEMA public; Type: ACL; Schema: -; Owner: petheaven_db_user
--

REVOKE USAGE ON SCHEMA public FROM PUBLIC;


--
-- Name: DEFAULT PRIVILEGES FOR SEQUENCES; Type: DEFAULT ACL; Schema: -; Owner: postgres
--

ALTER DEFAULT PRIVILEGES FOR ROLE postgres GRANT ALL ON SEQUENCES TO petheaven_db_user;


--
-- Name: DEFAULT PRIVILEGES FOR TYPES; Type: DEFAULT ACL; Schema: -; Owner: postgres
--

ALTER DEFAULT PRIVILEGES FOR ROLE postgres GRANT ALL ON TYPES TO petheaven_db_user;


--
-- Name: DEFAULT PRIVILEGES FOR FUNCTIONS; Type: DEFAULT ACL; Schema: -; Owner: postgres
--

ALTER DEFAULT PRIVILEGES FOR ROLE postgres GRANT ALL ON FUNCTIONS TO petheaven_db_user;


--
-- Name: DEFAULT PRIVILEGES FOR TABLES; Type: DEFAULT ACL; Schema: -; Owner: postgres
--

ALTER DEFAULT PRIVILEGES FOR ROLE postgres GRANT SELECT,INSERT,REFERENCES,DELETE,TRIGGER,TRUNCATE,UPDATE ON TABLES TO petheaven_db_user;


--
-- PostgreSQL database dump complete
--

